Workbook

Sheet stations
A1: id | B1: station_name | C1: x | D1: y | E1: lon | F1: lat | G1: name_direction | H1: name_wrap
A2: 1 | B2: Bukit Panjang | C2: 0.249463 | D2: 0.31241533 | E2: 103.7596 | F2: 1.3807451 | G2: top | H2: FALSE
A3: 2 | B3: Bras Basah | C3: 0.61586144 | D3: 0.72270082 | E3: 103.85047 | F3: 1.2960462 | G3: left | H3: TRUE
A4: 3 | B4: Esplanade | C4: 0.67111874 | D4: 0.78295254 | E4: 103.85557 | F4: 1.2931288 | G4: right | H4: FALSE
A5: 4 | B5: Nicoll Highway | C5: 0.77058189 | D5: 0.76191226 | E5: 103.86351 | F5: 1.3001697 | G5: right | H5: FALSE
A6: 5 | B6: Stadium | C6: 0.78588392 | D6: 0.71983169 | E6: 103.87623 | F6: 1.3033702 | G6: right | H6: FALSE
A7: 6 | B7: Mountbatten | C7: 0.79438504 | D7: 0.67583838 | E7: 103.88325 | F7: 1.3060459 | G7: right | H7: FALSE
A8: 7 | B8: Dakota | C8: 0.79608526 | D8: 0.63471419 | E8: 103.88931 | F8: 1.3088142 | G8: right | H8: FALSE
A9: 8 | B9: Tai Seng | C9: 0.74677875 | D9: 0.47117382 | E9: 103.88821 | F9: 1.3346209 | G9: right | H9: FALSE
A10: 9 | B10: Bartley | C10: 0.71362436 | D10: 0.43387514 | E10: 103.87891 | F10: 1.3435011 | G10: right | H10: FALSE
A11: 10 | B11: Lorong Chuan | C11: 0.60395987 | D11: 0.36692879 | E11: 103.86292 | F11: 1.3517385 | G11: top | H11: FALSE
A12: 11 | B12: Marymount | C12: 0.468792 | D12: 0.37553618 | E12: 103.84006 | F12: 1.3478661 | G12: top | H12: FALSE
A13: 12 | B13: Farrer Road | C13: 0.32172255 | D13: 0.53142554 | E13: 103.80797 | F13: 1.3174937 | G13: left | H13: FALSE
... A147: 147 | B147: Hume | C147: 0.249463 | D147: 0.383333 | E147: 103.7692 | F147: 1.3544 | G147: right | H147: FALSE

Sheet lines
A1: id | B1: code | C1: name | D1: colour | E1: style
A2: 1 | B2: TE | C2: Thomson-East Coast Line | D2: #8c5d27 | E2: solid
A3: 2 | B3: NS | C3: North-South Line | D3: #c13e31 | E3: solid
A4: 3 | B4: EW | C4: East-West Line | D4: #4f924d | E4: solid
A5: 4 | B5: DT | C5: Downtown Line | D5: #3653b1 | E5: solid
A6: 5 | B6: CC | C6: Circle Line | D6: #e2a33a | E6: solid
A7: 6 | B7: NE | C7: North East Line | D7: #861ca4 | E7: solid
A8: 7 | B8: CG | C8: Changi Airport Line | D8: #4f924d | E8: double
A9: 8 | B9: STE | C9: Sentosa Express | D9: #2c2924 | E9: dashdot

Sheet station_line
A1: id | B1: station_id | C1: line_id | D1: station_code
A2: 1 | B2: 1 | C2: 4 | D2: DT1
A3: 2 | B3: 2 | C3: 5 | D3: CC2
A4: 3 | B4: 3 | C4: 5 | D4: CC3
A5: 4 | B5: 4 | C5: 5 | D5: CC5
A6: 5 | B6: 5 | C6: 5 | D6: CC6
A7: 6 | B7: 6 | C7: 5 | D7: CC7
A8: 7 | B8: 7 | C8: 5 | D8: CC8
A9: 8 | B9: 8 | C9: 5 | D9: CC11
A10: 9 | B10: 9 | C10: 5 | D10: CC12
A11: 10 | B11: 10 | C11: 5 | D11: CC14
A12: 11 | B12: 11 | C12: 5 | D12: CC16
A13: 12 | B13: 12 | C13: 5 | D13: CC20
... A178: 177 | B178: 119 | C178: 5 | D178: CE2

Sheet connections
A1: line | B1: connection_style | C1: cur_station_line | D1: next_station_line | F1: station | G1: connected_station
A2: 5 | B2: solid | C2: 140 | D2: 2 | F2: =INDEX(stations!$B:$B, MATCH(INDEX(station_line!$B:$B, MATCH(C2, station_line!$A:$A, 0)), stations!$A:$A, 0)) -> Dhoby Ghaut | G2: =INDEX(stations!$B:$B, MATCH(INDEX(station_line!$B:$B, MATCH(D2, station_line!$A:$A, 0)), stations!$A:$A, 0)) -> Bras Basah
A3: 5 | B3: solid | C3: 2 | D3: 3 | F3: =INDEX(stations!$B:$B, MATCH(INDEX(station_line!$B:$B, MATCH(C3, station_line!$A:$A, 0)), stations!$A:$A, 0)) -> Bras Basah | G3: =INDEX(stations!$B:$B, MATCH(INDEX(station_line!$B:$B, MATCH(D3, station_line!$A:$A, 0)), stations!$A:$A, 0)) -> Esplanade
A4: 5 | B4: solid | C4: 3 | D4: 21 | F4: =INDEX(stations!$B:$B, MATCH(INDEX(station_line!$B:$B, MATCH(C4, station_line!$A:$A, 0)), stations!$A:$A, 0)) -> Esplanade | G4: =INDEX(stations!$B:$B, MATCH(INDEX(station_line!$B:$B, MATCH(D4, station_line!$A:$A, 0)), stations!$A:$A, 0)) -> Promenade
A5: 5 | B5: solid | C5: 21 | D5: 4 | F5: =INDEX(stations!$B:$B, MATCH(INDEX(station_line!$B:$B, MATCH(C5, station_line!$A:$A, 0)), stations!$A:$A, 0)) -> Promenade | G5: =INDEX(stations!$B:$B, MATCH(INDEX(station_line!$B:$B, MATCH(D5, station_line!$A:$A, 0)), stations!$A:$A, 0)) -> Nicoll Highway
A6: 5 | B6: solid | C6: 4 | D6: 5 | F6: =INDEX(stations!$B:$B, MATCH(INDEX(station_line!$B:$B, MATCH(C6, station_line!$A:$A, 0)), stations!$A:$A, 0)) -> Nicoll Highway | G6: =INDEX(stations!$B:$B, MATCH(INDEX(station_line!$B:$B, MATCH(D6, station_line!$A:$A, 0)), stations!$A:$A, 0)) -> Stadium
A7: 5 | B7: solid | C7: 5 | D7: 6 | F7: =INDEX(stations!$B:$B, MATCH(INDEX(station_line!$B:$B, MATCH(C7, station_line!$A:$A, 0)), stations!$A:$A, 0)) -> Stadium | G7: =INDEX(stations!$B:$B, MATCH(INDEX(station_line!$B:$B, MATCH(D7, station_line!$A:$A, 0)), stations!$A:$A, 0)) -> Mountbatten
A8: 5 | B8: solid | C8: 6 | D8: 7 | F8: =INDEX(stations!$B:$B, MATCH(INDEX(station_line!$B:$B, MATCH(C8, station_line!$A:$A, 0)), stations!$A:$A, 0)) -> Mountbatten | G8: =INDEX(stations!$B:$B, MATCH(INDEX(station_line!$B:$B, MATCH(D8, station_line!$A:$A, 0)), stations!$A:$A, 0)) -> Dakota
A9: 5 | B9: solid | C9: 7 | D9: 27 | F9: =INDEX(stations!$B:$B, MATCH(INDEX(station_line!$B:$B, MATCH(C9, station_line!$A:$A, 0)), stations!$A:$A, 0)) -> Dakota | G9: =INDEX(stations!$B:$B, MATCH(INDEX(station_line!$B:$B, MATCH(D9, station_line!$A:$A, 0)), stations!$A:$A, 0)) -> Paya Lebar
A10: 5 | B10: solid | C10: 27 | D10: 23 | F10: =INDEX(stations!$B:$B, MATCH(INDEX(station_line!$B:$B, MATCH(C10, station_line!$A:$A, 0)), stations!$A:$A, 0)) -> Paya Lebar | G10: =INDEX(stations!$B:$B, MATCH(INDEX(station_line!$B:$B, MATCH(D10, station_line!$A:$A, 0)), stations!$A:$A, 0)) -> MacPherson
A11: 5 | B11: solid | C11: 23 | D11: 8 | F11: =INDEX(stations!$B:$B, MATCH(INDEX(station_line!$B:$B, MATCH(C11, station_line!$A:$A, 0)), stations!$A:$A, 0)) -> MacPherson | G11: =INDEX(stations!$B:$B, MATCH(INDEX(station_line!$B:$B, MATCH(D11, station_line!$A:$A, 0)), stations!$A:$A, 0)) -> Tai Seng
A12: 5 | B12: solid | C12: 8 | D12: 9 | F12: =INDEX(stations!$B:$B, MATCH(INDEX(station_line!$B:$B, MATCH(C12, station_line!$A:$A, 0)), stations!$A:$A, 0)) -> Tai Seng | G12: =INDEX(stations!$B:$B, MATCH(INDEX(station_line!$B:$B, MATCH(D12, station_line!$A:$A, 0)), stations!$A:$A, 0)) -> Bartley
A13: 5 | B13: solid | C13: 9 | D13: 98 | F13: =INDEX(stations!$B:$B, MATCH(INDEX(station_line!$B:$B, MATCH(C13, station_line!$A:$A, 0)), stations!$A:$A, 0)) -> Bartley | G13: =INDEX(stations!$B:$B, MATCH(INDEX(station_line!$B:$B, MATCH(D13, station_line!$A:$A, 0)), stations!$A:$A, 0)) -> Serangoon
... A172: 3 | B172: special | C172: 85 | D172: 86 | F172: =INDEX(stations!$B:$B, MATCH(INDEX(station_line!$B:$B, MATCH(C172, station_line!$A:$A, 0)), stations!$A:$A, 0)) -> Tampines | G172: =INDEX(stations!$B:$B, MATCH(INDEX(station_line!$B:$B, MATCH(D172, station_line!$A:$A, 0)), stations!$A:$A, 0)) -> Tampines
F173: =INDEX(stations!$B:$B, MATCH(INDEX(station_line!$B:$B, MATCH(C173, station_line!$A:$A, 0)), stations!$A:$A, 0)) -> #N/A | G173: =INDEX(stations!$B:$B, MATCH(INDEX(station_line!$B:$B, MATCH(D173, station_line!$A:$A, 0)), stations!$A:$A, 0)) -> #N/A

Sheet station_line_joins
A1: station_line_id | B1: join | C1: position | D1: offset | E1: separate | F1: is_triplet | H1: station | I1: connected_station
A2: 147 | B2: 146 | C2: left | D2: 1 | E2: TRUE | F2: TRUE | H2: =INDEX(stations!$B:$B, MATCH(INDEX(station_line!$B:$B, MATCH(A2, station_line!$A:$A, 0)), stations!$A:$A, 0)) -> Marina Bay | I2: =INDEX(stations!$B:$B, MATCH(INDEX(station_line!$B:$B, MATCH(B2, station_line!$A:$A, 0)), stations!$A:$A, 0)) -> Marina Bay
A3: 146 | B3: 177 | C3: middle | D3: 0 | E3: FALSE | F3: TRUE | H3: =INDEX(stations!$B:$B, MATCH(INDEX(station_line!$B:$B, MATCH(A3, station_line!$A:$A, 0)), stations!$A:$A, 0)) -> Marina Bay | I3: =INDEX(stations!$B:$B, MATCH(INDEX(station_line!$B:$B, MATCH(B3, station_line!$A:$A, 0)), stations!$A:$A, 0)) -> Marina Bay
A4: 177 | B4: 146 | C4: right | D4: 0 | E4: FALSE | F4: TRUE | H4: =INDEX(stations!$B:$B, MATCH(INDEX(station_line!$B:$B, MATCH(A4, station_line!$A:$A, 0)), stations!$A:$A, 0)) -> Marina Bay | I4: =INDEX(stations!$B:$B, MATCH(INDEX(station_line!$B:$B, MATCH(B4, station_line!$A:$A, 0)), stations!$A:$A, 0)) -> Marina Bay
A5: 29 | B5: 28 | C5: left | D5: 0 | E5: FALSE | F5: FALSE | H5: =INDEX(stations!$B:$B, MATCH(INDEX(station_line!$B:$B, MATCH(A5, station_line!$A:$A, 0)), stations!$A:$A, 0)) -> Buona Vista | I5: =INDEX(stations!$B:$B, MATCH(INDEX(station_line!$B:$B, MATCH(B5, station_line!$A:$A, 0)), stations!$A:$A, 0)) -> Buona Vista
A6: 28 | B6: 29 | C6: right | D6: 0 | E6: FALSE | F6: FALSE | H6: =INDEX(stations!$B:$B, MATCH(INDEX(station_line!$B:$B, MATCH(A6, station_line!$A:$A, 0)), stations!$A:$A, 0)) -> Buona Vista | I6: =INDEX(stations!$B:$B, MATCH(INDEX(station_line!$B:$B, MATCH(B6, station_line!$A:$A, 0)), stations!$A:$A, 0)) -> Buona Vista
A7: 25 | B7: 24 | C7: left | D7: 0 | E7: FALSE | F7: FALSE | H7: =INDEX(stations!$B:$B, MATCH(INDEX(station_line!$B:$B, MATCH(A7, station_line!$A:$A, 0)), stations!$A:$A, 0)) -> Botanic Gardens | I7: =INDEX(stations!$B:$B, MATCH(INDEX(station_line!$B:$B, MATCH(B7, station_line!$A:$A, 0)), stations!$A:$A, 0)) -> Botanic Gardens
A8: 24 | B8: 25 | C8: right | D8: 0 | E8: FALSE | F8: FALSE | H8: =INDEX(stations!$B:$B, MATCH(INDEX(station_line!$B:$B, MATCH(A8, station_line!$A:$A, 0)), stations!$A:$A, 0)) -> Botanic Gardens | I8: =INDEX(stations!$B:$B, MATCH(INDEX(station_line!$B:$B, MATCH(B8, station_line!$A:$A, 0)), stations!$A:$A, 0)) -> Botanic Gardens
A9: 174 | B9: 173 | C9: left | D9: 0 | E9: FALSE | F9: FALSE | H9: =INDEX(stations!$B:$B, MATCH(INDEX(station_line!$B:$B, MATCH(A9, station_line!$A:$A, 0)), stations!$A:$A, 0)) -> Caldecott | I9: =INDEX(stations!$B:$B, MATCH(INDEX(station_line!$B:$B, MATCH(B9, station_line!$A:$A, 0)), stations!$A:$A, 0)) -> Caldecott
A10: 173 | B10: 174 | C10: right | D10: 0 | E10: FALSE | F10: FALSE | H10: =INDEX(stations!$B:$B, MATCH(INDEX(station_line!$B:$B, MATCH(A10, station_line!$A:$A, 0)), stations!$A:$A, 0)) -> Caldecott | I10: =INDEX(stations!$B:$B, MATCH(INDEX(station_line!$B:$B, MATCH(B10, station_line!$A:$A, 0)), stations!$A:$A, 0)) -> Caldecott
A11: 100 | B11: 101 | C11: left | D11: 0 | E11: FALSE | F11: FALSE | H11: =INDEX(stations!$B:$B, MATCH(INDEX(station_line!$B:$B, MATCH(A11, station_line!$A:$A, 0)), stations!$A:$A, 0)) -> HarbourFront | I11: =INDEX(stations!$B:$B, MATCH(INDEX(station_line!$B:$B, MATCH(B11, station_line!$A:$A, 0)), stations!$A:$A, 0)) -> HarbourFront
A12: 101 | B12: 100 | C12: right | D12: 0 | E12: FALSE | F12: FALSE | H12: =INDEX(stations!$B:$B, MATCH(INDEX(station_line!$B:$B, MATCH(A12, station_line!$A:$A, 0)), stations!$A:$A, 0)) -> HarbourFront | I12: =INDEX(stations!$B:$B, MATCH(INDEX(station_line!$B:$B, MATCH(B12, station_line!$A:$A, 0)), stations!$A:$A, 0)) -> HarbourFront
A13: 58 | B13: 57 | C13: left | D13: 0 | E13: FALSE | F13: FALSE | H13: =INDEX(stations!$B:$B, MATCH(INDEX(station_line!$B:$B, MATCH(A13, station_line!$A:$A, 0)), stations!$A:$A, 0)) -> Stevens | I13: =INDEX(stations!$B:$B, MATCH(INDEX(station_line!$B:$B, MATCH(B13, station_line!$A:$A, 0)), stations!$A:$A, 0)) -> Stevens
... A50: 27 | B50: 26 | C50: right | D50: 0 | E50: FALSE | F50: FALSE | H50: =INDEX(stations!$B:$B, MATCH(INDEX(station_line!$B:$B, MATCH(A50, station_line!$A:$A, 0)), stations!$A:$A, 0)) -> Paya Lebar | I50: =INDEX(stations!$B:$B, MATCH(INDEX(station_line!$B:$B, MATCH(B50, station_line!$A:$A, 0)), stations!$A:$A, 0)) -> Paya Lebar
